{"cameraMode":{"drawMode":0,"name":"Shaded","section":"Shading Mode"},"sceneLighting":true,"audioPlay":false,"sceneViewState":{"showFog":true,"showMaterialUpdate":false,"showSkybox":true,"showFlares":true,"showImageEffects":true,"showParticleSystems":true},"in2DMode":false,"pivot":{"x":1.4925658702850342,"y":1.502408742904663,"z":20.26952362060547},"rotation":{"x":-0.052719682455062869,"y":0.050006698817014697,"z":-0.0026434047613292934,"w":-0.9973530173301697},"size":37.45317840576172,"orthographic":false}