{"cameraMode":{"drawMode":0,"name":"Shaded","section":"Shading Mode"},"sceneLighting":true,"audioPlay":false,"sceneViewState":{"showFog":true,"showMaterialUpdate":false,"showSkybox":true,"showFlares":true,"showImageEffects":true,"showParticleSystems":true},"in2DMode":false,"pivot":{"x":6.070979118347168,"y":0.5539956092834473,"z":4.541896820068359},"rotation":{"x":-0.17188628017902375,"y":-0.027485525235533716,"z":0.00479829590767622,"w":-0.9847216010093689},"size":12.417614936828614,"orthographic":false}